<?xml version="1.0" encoding="utf-8"?>
<extension type="component" version="3.2.0" method="upgrade">
 
	<name>COM_JOONET</name>
	<!-- The following elements are optional and free of formatting constraints -->
	<creationDate>May 2015</creationDate>
	<author>Charles EDOU NZE</author>
	<authorEmail>charles@charlesen.fr</authorEmail>
	<authorUrl>http://charlesen.fr</authorUrl>
	<copyright>Open Source</copyright>
	<license>MIT License</license>
	<!--  The version string is recorded in the components table -->
	<version>0.0.7</version>
	<!-- The description is optional and defaults to the name -->
	<description>COM_JOONET_DESCRIPTION</description>
 
	<install> <!-- Runs on install -->
		<sql>
			<file driver="mysql" charset="utf8">sql/install.mysql.utf8.sql</file>
		</sql>
	</install>
	<uninstall> <!-- Runs on uninstall -->
		<sql>
			<file driver="mysql" charset="utf8">sql/uninstall.mysql.utf8.sql</file>
		</sql>
	</uninstall>
	
	<update> <!-- Runs on update; New since J2.5 -->
		<schemas>
			<schemapath type="mysql">sql/updates/mysql</schemapath>
		</schemas>
	</update>
 
	<!-- Site Main File Copy Section -->
	<!-- Note the folder attribute: This attribute describes the folder
		to copy FROM in the package to install therefore files copied
		in this section are copied from /site/ in the package -->
	<files folder="site">
		<filename>index.html</filename>
		<filename>joonet.php</filename>
		<filename>controller.php</filename>
		<folder>views</folder>
		<folder>models</folder>
		<folder>language</folder>
	</files>
	
	<languages folder="site/language">
		<language tag="en-GB">en-GB/en-GB.com_joonet.ini</language>
		<language tag="fr-FR">fr-FR/fr-FR.com_joonet.ini</language>
	</languages>
 
	<administration>
		<!-- Administration Menu Section -->
		<menu link='index.php?option=com_joomsoc'>Joonet</menu>
		<!-- Administration Main File Copy Section -->
		<!-- Note the folder attribute: This attribute describes the folder
			to copy FROM in the package to install therefore files copied
			in this section are copied from /admin/ in the package -->
		<files folder="admin">
			<!-- Admin Main File Copy Section -->
			<filename>index.html</filename>
			<filename>joonet.php</filename>
			<filename>controller.php</filename>
			<!-- SQL files section -->
			<folder>sql</folder>
			<folder>tables</folder>
			<folder>models</folder>
			<!-- views files section -->
			<folder>views</folder>
		</files>
		<languages folder="admin/language">
			<language tag="en-GB">en-GB/en-GB.com_joonet.ini</language>
			<language tag="en-GB">en-GB/en-GB.com_joonet.sys.ini</language>
			<language tag="fr-FR">fr-FR/fr-FR.com_joonet.ini</language>
			<language tag="fr-FR">fr-FR/fr-FR.com_joonet.sys.ini</language>
		</languages>
	</administration>
 
</extension>
